id,vendor_code,legal_name,trade_name,tax_id,status,approval_status,default_currency,permitted_currencies,payment_terms_days,registered_address,aliases,contract_start,contract_end,bank_account_hash,_seed_note
V-1001,SHARMA-IND,Sharma Industrial Supplies Private Limited,Sharma Industrial Supplies,27AABCS1429B1ZX,ACTIVE,APPROVED,INR,INR,45,"Plot 44, MIDC Industrial Estate, Bhosari, Pune 411026, Maharashtra",Sharma Industrial | Sharma Ind. Supplies | M/s Sharma Industrial Supplies,2025-04-01,2027-03-31,b7f0c1a9e5d34a2f8c6b1e9d7a3f5c2b8e4d6a1f9c3b7e5d2a8f4c6b1e9d7a3f,
V-1002,VERTEX-CMP,Vertex Components Private Limited,Vertex Components,29AACCV2233K1Z5,ACTIVE,APPROVED,INR,INR | USD,30,"No. 18, Peenya Industrial Area Phase II, Bengaluru 560058, Karnataka",Vertex Components Pvt Ltd | Vertex Comp,2024-10-01,2026-09-30,3e9a7c5b1d8f2a6e4c0b9d7f3a5e1c8b6d4f2a0e9c7b5d3f1a8e6c4b2d0f9a7e,
V-1003,KESAR-TRD,Kesarwani Traders,Kesarwani Traders,09AAGCK7788L1ZP,ACTIVE,APPROVED,INR,INR,30,"121/4 Nakhas Road, Chowk, Lucknow 226003, Uttar Pradesh",Kesarwani Trading Co | M/s Kesarwani Traders,2025-01-01,2026-12-31,9c2f7a4e1b8d5c3a0f6e9b2d7c4a1f8e5b3d0c7a4f1e8b5d2c9a6f3e0b7d4c1a,
V-1004,NIMBUS-OFF,Nimbus Office Solutions LLP,Nimbus Office Solutions,07AAEFN9012M1ZQ,ACTIVE,APPROVED,INR,INR,15,"A-9, Okhla Industrial Area Phase I, New Delhi 110020",Nimbus Office | Nimbus Solutions,2025-06-01,2027-05-31,5a1e8c3f0b7d4a2e9c6b3f0d7a4e1c8b5f2d9a6e3c0b7f4d1a8e5c2b9f6d3a0e,
V-1005,ORION-FRT,Orion Freight & Logistics Private Limited,Orion Freight,27AAECO4455N1ZT,ACTIVE,APPROVED,INR,INR,30,"Warehouse 7, JNPT Road, Uran, Navi Mumbai 400707, Maharashtra",Orion Freight and Logistics | Orion Logistics,2025-04-01,2027-03-31,2d8b5f1a7e4c0b9d6a3f8e5c2b0d7a4f1e9c6b3d0a7f4e1c8b5d2a9f6e3c0b7d,
V-1006,HALCYON-CH,Halcyon Chemicals Private Limited,Halcyon Chemicals,24AABCH6677P1ZM,SUSPENDED,APPROVED,INR,INR,60,"GIDC Estate, Ankleshwar 393002, Gujarat",Halcyon Chem,2024-04-01,2026-03-31,8f3c0a6d2b9e5f1c7a4d0b6e3c9f5a2d8b4e1c7f3a0d6b2e9c5f1a7d4b0e6c3f,SUSPENDED — exercises VEN-02 / VEN-03 hard stop
V-1007,MERIDIAN-TL,Meridian Tooling Works,Meridian Tooling,33AAFFM3344R1ZK,ACTIVE,APPROVED,INR,INR,30,"SIDCO Industrial Estate, Ambattur, Chennai 600098, Tamil Nadu",Meridian Tool Works,2024-01-01,2026-03-31,1b7e4a0c6f3d9b5e2a8c4f0d7b3e9a6c2f8d5b1e7a4c0f6d3b9e5a2c8f4d0b7e,Contract expired 2026-03-31 — exercises VEN-05 warning
V-1008,ZENITH-TRD,Zenith Traders,Zenith Traders,19AAJCZ8899S1ZW,BLACKLISTED,REJECTED,INR,INR,0,Unknown,,2023-04-01,2025-03-31,6e2a9f5c1d8b4e0a7c3f9d6b2e8a5c1f7d4b0e6a3c9f5d2b8e4a0c7f3d9b6e2a,BLACKLISTED — exercises VEN-03 hard REJECT
V-1009,COBALT-SYS,Cobalt Systems Private Limited,Cobalt Systems,36AADCC1122T1ZY,ACTIVE,APPROVED,INR,INR,30,"Plot 22, HITEC City, Madhapur, Hyderabad 500081, Telangana",Cobalt Systems Pvt Ltd,2025-07-01,2027-06-30,4c0f7b3e9a6d2c8f5b1e7a4d0c6f3b9e5a2d8c4f0b7e3a9d6c2f8b5e1a7d4c0f,
